id,name,model_id:id,group_id:id,perm_read,perm_write,perm_create,perm_unlink
access_tk_recruitment_hr_group_criterias,access_tk_recruitment_hr_group_criterias,model_tk_recruitment_hr_group_criterias,base.group_user,1,0,0,0
access_tk_recruitment_hr_criterias,access_tk_recruitment_hr_criterias,model_tk_recruitment_hr_criterias,base.group_user,1,0,0,0
access_tk_recruitment_hr_set_criterias,access_tk_recruitment_hr_set_criterias,model_tk_recruitment_hr_set_criterias,base.group_user,1,0,0,0
access_tk_recruitment_hr_review_line,access_tk_recruitment_hr_review_line,model_tk_recruitment_hr_review_line,base.group_user,1,0,0,0
access_tk_recruitment_hr_criterias_line,access_tk_recruitment_hr_criterias_line,model_tk_recruitment_hr_criterias_line,base.group_user,1,0,0,0
access_tk_recruitment_hr_review,access_tk_recruitment_hr_review,model_tk_recruitment_hr_review,base.group_user,1,0,0,0