<?xml version="1.0" encoding="utf-8"?>
<odoo>
    <data noupdate="0">

        <record model="ir.module.category" id="tk_job_security">
            <field name="name">Technical HR</field>
            <field name="sequence">0</field>
        </record>

        <record id="group_creator" model="res.groups">
            <field name="name">Creator </field>
            <field name="category_id" ref="tk_job_security"/>
        </record>
        
        <record id="group_assessor" model="res.groups">
            <field name="name">Assessor</field>
             <field name="implied_ids" eval="[(4, ref('group_creator'))]"/>
             <field name="category_id" ref="tk_job_security"/>
        </record>
   
    </data>
</odoo>